labels,predictions,tokens
B-short O O B-long I-long I-long I-long I-long I-long O B-long I-long I-long O B-short O O O B-short O O O O,B-short O O O O O O O O O O O O O O O O O O O B-short I-short O,"PMPA : A patch - based multiscale products algorithm for image denoising[C]//Image Processing ( ICIP ) , 2015 IEEE International Conference on ."
O O O O O O O O O O O O O O B-long I-long I-long I-long I-long I-long O B-short O O O O B-long I-long I-long I-long O O O O O O O O O O O O B-short O O O,O O O B-long I-long I-long I-long I-long O B-short O O O O O O O O B-long I-long I-long I-long O B-short O O O O O O O O O O O O O O O O O O O O B-short O,"We used standard mel - frequency cepstral coefficient ( MFCC)+delta+double - delta features with feature space maximum likelihood linear regression ( fMLLR ) transforms to build speaker - adapted triphone models with tied - state triphones , henceforth referred to as "" SAT "" models ."
O O O O O O O O O O O O O O O O O O O O O O B-short O O O B-short O O O B-short O O B-long O B-long O B-long I-long I-long O O,O O O O O O O O O O O O O O O O O O O O O O O O O O O O O O O O B-short O O O O O O O O O,"The input consists of two pieces of text , Tok, ... ,Tok and Tok, ... ,Tok delimited by three tags , [ CLS ] , [ SEP ] and [ EOS ] ( beginning , separator and end of sentence ) ."
O O O O O O O O O O O O O O O O O O O,B-short O O O O B-long I-long I-long O O O O O O O O O O O,HMM is a first order Hidden Markov Model with both Gaussian and labels emission and 5 hidden states .
O O O O O O O O O O O O O O O O O O O O O O B-long I-long I-long I-long I-long O B-short O O O O O O,O O O O O O O O O O O O O O O O O O O O O O O O O O O O O O B-short O O O O,"The dataset is available by request(Contact : j.m.ede , r.beanland@warwick.ac.uk ) and will be published as part of the 226862 labelled micrograph Warwick Large Electron Microscopy Dataset ( WLEMD ) in a following publication ."
O O B-short O O O O O O O O O O O O O O O O O O O O O B-short O O O O O O O O O O O O O O,O O B-short O B-short O B-short O B-long I-long I-long I-long O O O O B-short O O B-short I-short O O O O O O O O O O O O O O O O O O,"meanIS , MRI : T1 , RS:3 : intensity statistical mean feature , based on an ROI in a T1-weighted MR image where the ROI was re - segmented by removing voxels with an intensity outside a range ."
O O O O O O O O O O O O O O O O O O O O O O O O O O O O O O O O O,O O O O O O O O O O O O O O O O O O O O O O O O O B-long I-long I-long I-long O B-short O O,"We then take , for each entity mention individually , the referring expression that receives the best language model score in context , using a strong unsupervised neural LM ( BERT ) ."
O O O O O O O O O O O B-long O B-short O O O O O O O O O O O O O O O O O O O O O O O O O O O O B-long O B-short O O O O O O O O O B-long I-long O B-short O O O O O B-long I-long O B-short O O O O O O O O O O O O O O O O O O O O O O O O O O O O O O O O B-short O,O O O O O O O O O O O O O O O O O O O O O O O O O O O O O O O O O O O O O O O O O O O B-short O O O O O O O O O O O O B-short O O O O O O O O O O O O O O O O O O O O O B-short O O O O O O O O O O O O O O O O O O O O O O,"As shown in Table , a general propagation rule for any operation ( O ) should be able to decide that what the tag on the program counter in the next machine state ( ) and the tag on the instruction ’s result ( R ) should be if the current tag on the program counter is PC , the tag on the current instruction is CI , the tags on its input operands ( if any ) are OP1 and OP2 , and the tag on the memory location ( in case of load / store ) is MR ."
O O O O O O O O O O O O O O O O O O O O O O O O O B-long I-long O B-short O O O O O O O O O O O O O O O B-short O O O O O O O O O O O O,O O O O O O O O O O O O O O O O O O O O O O O O O O O B-long I-long O B-short O O O O O O O O O O O O O O O B-short O O O O O O O O O O,For each test we define a binary group test as follows(We envision that such test would be useful for a downlink transmission in which the Access Point ( AP ) may want to allow multiple communications at the same time and can alert the SUs over a narrowband signaling channel to access the spectrum . ) :
O O O O O O B-short O B-long I-long O O O O O O O O O O O O O O O O O O O O O O O O O,O O O O O O O O B-short O O O O O O O O O O O O O O O O O O O O O O O O O O,"conv(3 ) : convolutional layer , GN : group normalization , D(0.3 ) : dropout layer with 0.3 dropout rate , maxpool(2 ) : max pooling layer , and conv(1 ) : convolutional layer ."
O O O O O O O O O O O O O O O O O O O O B-short O O B-short O O O O O O O B-long I-long I-long O O O O O O O,O O O O O O O O O O O O O O O O O O O O B-short O B-short I-short O O O O O O O O O O O O O O O O O,"Pugeault Bowden developed a pre - attentive model using gist and random forests , while the deep network models are CNN or CNN LSTM based , Bojarski et al used a convolutional neural network to map images to steering command ."
O O O O O O O O O O,O O O O O O O B-long I-long O,"I , II , III known as Limb Leads ."
O O O O O O O O O O B-short O O O O O O O O O O O O O O O O O O O O O O O O O B-long I-long I-long O B-short O O O O O O B-long I-long I-long O B-short O O O O O,O O O O O O O O O O B-short O O O O O O O O O O O O O O O O O O O O O O O O O O O O B-long I-long I-long O B-short O O O O O O O O B-short O O O O,"In this paper , we introduce scispaCy , a specialized NLP library for processing biomedical texts which builds on the robust spaCy library,(spacy.io ) and document its performance relative to state of the art models for part of speech ( POS ) tagging , dependency parsing , named entity recognition ( NER ) and sentence segmentation ."
O O O O O O O O O B-short I-short O B-short O O O O O O O O O,O O O O O O O O O O B-short I-short I-short O O O O O O O O O,"Random number generation and Quasi - Monte Carlo methods SIAM CBMS - NSF Regional conference series in Applied Mathematics , 63 ."
O O O O O O O B-short O O O B-short O O O O O O O O O O O O O O O O O O O O O O O O O O O O O O O O O O O O O O O O O O O O O O O O,B-long I-long I-long I-long I-long I-long I-long I-long I-long I-long O B-short O O O O O O O O O O O O O O O O O O O O O O O O O O O O O B-long I-long I-long I-long I-long I-long I-long I-long I-long I-long O O B-short O O O O O O,"Heuristic Fog - supported Energy - aware SFC rerouting algorithm ( HFES ) Since the optimal solution is very challenging and complex to be solved even for instances of small - size real - time network reconfigurations , we propose the Heuristic fog - supported Energy - aware SFC rerouting algorithm called ( HFES ) to practically tackle it ."
O O O O O B-short I-short O O O O B-short O O O O O O B-short O B-long I-long O O O O O O O O O O O O O O O O O O O O O O O O O O O O O O O O O O O O O O O O O O O O O O O O B-short O,O O O O O O O O O O O B-short O O O O O O B-short O O O O O O O O O O O O O O O O O O O O O O O O O O O O O O O O O O O O O O O O O O O O O O O O O O O O O,"The diverse network functions forming 5 G infrastructure are placed on VMs that can be switched among various PM ( Physical machines or servers).Then the power consumption can be minimized by shutting down unused resources , however , we do n't know exactly the resources that network function requires and if placing more virtual network functions in fewer physical resources may deteriorate user 's experience of the service and violate SLAs ."
O O O B-long I-long I-long O B-short O O O O O O O O B-short O O O O O O O O O O O O O O O O,O B-long I-long I-long I-long O O O O O O O O O O O O O O O O O O O O O O O O O O O O,"The Coxhead ’s Academic Word List ( AWL ) created in 2000 - inspried to create NAWL - , includes 570 word families ( from a corpus of 3.5 million words ) ."
O O O B-long I-long I-long O O O B-short O O O O O O O O O O,O O O O O O O O O B-short O B-short O O O O O B-short O O,"Therefore , more complicated neural networks , e.g. , CNN and RNN , were adopted for indoor WiFi localization ."
O O O O O O O O O O O O O O O O B-long I-long I-long O O B-short O O,O O O O O O O O O O O O O O O B-long I-long I-long I-long O B-short I-short O O,These definitions lead to a well - known combinatorial problem that we call here the Lossless Graph Compression Problem ( Lossless GCP ) .
B-long I-long I-long B-short O B-long I-long I-long B-short O O B-long I-long I-long I-long I-long B-short O O O O O O O,O O O O O O O O B-short O O O O O O O B-short O O O O O O O,"Aspnes and Waarts AsWa , Bracha and Rachman BR , and Aspnes , Attiya and Censor AAC gave solutions with work per process ."
O O O O O O O O O B-short I-short I-short O O O,O O O B-long I-long I-long O O O B-short O O O O O,Reproduced from under Creative Commons Attribution 4.0 International ( CC BY 4.0 ) license .
